subject,model,unit,z0_1,z0_2,zc,v_1,v_2,v_3,v_4,v_5,v_6,ve_1,ve_2,ve_3,ve_4,ve_5,ve_6,eta,t0,se,si,k,wliw,wlib,wffiw
1,79,go,35.2029877586272,24.9959593339598,73.7782830381082,0.278849488187397,0.265895460559997,0.245298257211156,,,,0.125154569176785,0.172483986066479,0.199028930266995,,,,0.0329275610682881,58.7539861559562,0,1,-0.000561955863261331,-0.00200368910136228,0,0
1,79,stop,8.25664965511046,,18.7448214632892,0.382977056169532,,,,,,NaN,,,,,,0.0508370655860842,13.1003683665411,0,1,-0.00340875783268591,NaN,-0.320638711532858,0
1,352,go,28.1839638985481,,69.2162310527081,0.250031883695208,0.232784296539176,0.229628240212772,0.209477680357092,0.209077584344529,0.185329118370198,0.103686362772795,0.113543763110696,0.110869180859179,0.14069681605461,0.139150321354015,0.163075437748007,0.0333668508014257,38.3500549292657,0,1,-0.00141400343673091,-1.34805349105704e-08,0,0
1,352,stop,0.696528273599384,,4.7069805395492,0.0832924267223594,,,,,,NaN,,,,,,0.0530922839607016,34.3944623581141,0,1,-0.00101349195929678,NaN,-0.314869526116989,0
1,478,go,26.3518022052755,10.5214490651239,68.3941887224036,0.236137309243619,0.242773772034442,0.220110314669652,0.217889304539991,0.197911814130765,0.192816919177571,0.112748853178036,0.10374048401045,0.114997112306637,0.126732923649436,0.141973013443236,0.152641802080785,0.0360770450656725,32.4263337970921,0,1,-0.00124588689117152,-4.50090318691587e-05,0,0
1,478,stop,2.41175241815091,,4.8161619457756,0.109933821526855,,,,,,NaN,,,,,,0.0687329316784924,39.2132155157102,0,1,-4.35440216333101e-05,NaN,-0.50039548457892,0
