subject,model,unit,z0_1,z0_2,zc,v_1,v_2,v_3,v_4,v_5,v_6,ve_1,ve_2,ve_3,ve_4,ve_5,ve_6,eta,t0,se,si,k,wliw,wlib,wffiw
2,2,go,1.62673168166408,6.45836217660985,177.559442298733,0.822883070435433,,,,,,0.636337385195428,,,,,,0.194630411733085,58.7744789865206,0,1,-0.00156032143558674,0,0,-0.0250323182388961
2,43,go,6.00322441713564,,90.4177804597208,0.473617913151899,0.45247979401009,0.413493729183603,,,,0.30204243064556,0.348513421196551,0.391609994958213,,,,0.0627207777678356,42.5520180506412,0,1,-0.00268403899369427,0,0,-0.0001977376152138
2,79,go,7.9988148517802,12.2829224510234,129.877215528193,0.523298159531155,0.494549307306218,0.437917084138108,,,,0.286705971279367,0.33174173657126,0.391870973450311,,,,0.120102276015864,49.4625791658646,0,1,-0.000426631910704731,0,0,-0.000163438215245115
2,352,go,3.34089084839878,,57.6102393995596,0.218371801951381,0.244140883761186,0.198173922793613,0.210583273861317,0.184091049334108,0.167002605654356,0.0441228204401161,0.0529447669231394,0.104198321954148,0.141049942045388,0.135687716830836,0.171712744867336,0.0236827212797257,60.3680233599939,0,1,-1.16648721955152e-07,0,0,-4.04023334121817e-07
2,478,go,15.9663202353078,20.5751388638827,87.5783673343575,0.334747422861576,0.369505850461346,0.315331698321391,0.323599562900357,0.297830745046796,0.265398207990892,0.147436399233818,0.193205824935116,0.18762689207916,0.244186909432438,0.224023490780689,0.282316038688201,0.0614825563240872,75.7432091974323,0,1,-0.000361016765126939,0,0,-0.000232925610607393
