subject,model,unit,z0_1,z0_2,zc,v_1,v_2,v_3,v_4,v_5,v_6,ve_1,ve_2,ve_3,ve_4,ve_5,ve_6,eta,t0,se,si,k,wliw,wlib,wffiw
1,2,go,14.6163104457949,2.82938493630341,53.9403988539554,0.137368710861213,,,,,,0.074794408191242,,,,,,0.0099483337737834,33.8638706878179,0,1,-0.000170375874800379,0,0,-0.0279739465428539
1,43,go,5.99635147260662,,47.3991332494446,0.160328928794747,0.138055333441169,0.121839612489713,,,,0.0494651647797075,0.0640580560222886,0.0846833502356279,,,,0.00291608676939521,77.0868246168705,0,1,-0.000500220594712688,0,0,-0.00734821882367842
1,79,go,15.5205611390613,1.36361760476679,53.7840975267837,0.164354062042121,0.145345274158719,0.127045045877235,,,,0.0497745642766364,0.0728797187813599,0.0936743472903904,,,,8.37800152644421e-05,60.6848181958062,0,1,-1.32439161269152e-06,0,0,-0.111690148112824
1,352,go,13.464736674166,,58.2541953705678,0.18767921554147,0.170926719580118,0.168285200349959,0.149266878419176,0.152629013245528,0.131421000556201,0.0255501370935563,0.0854547661995311,0.0666928230131181,0.0966403786363802,0.0904397513757413,0.116724725776408,0.0298672471105805,66.6753434880631,0,1,-2.42655715788909e-06,0,0,-0.147682477269016
1,478,go,15.7198275177019,4.89294929920486,56.0358895509261,0.170491014922284,0.167038343643604,0.148904306970585,0.147028326915511,0.132949828015141,0.126056238463318,0.0661083607624144,0.0630484176203848,0.069827259539626,0.0779875181036769,0.0869195907770936,0.0973521235279908,0.0196137369289641,57.0155546524622,0,1,-2.29666862741878e-06,0,0,-0.0802291642143744
