subject,model,unit,z0_1,z0_2,zc,v_1,v_2,v_3,v_4,ve_1,ve_2,ve_3,ve_4,eta,t0,se,si,k,wliw,wlib,wffiw
1,478,go,14.8584870558469,92.1984976836086,150.216156775013,0.30902861411174,0.381251423990641,0.282069596216482,0.236106426643935,0.0662910804768279,0.153280637056009,0.10577540234127,0.237335956833002,0.061250570078287,64.6829409734139,0,1,-4.49918198365019e-07,0,0,0
1,478,stop,13.2570813683373,,13.3829287473649,0.110428622439408,,,,NaN,,,,0.0633932116976633,9.06390468544712,0,1,-3.19852502046877e-05,0,-0.492003894756336,0
