subject,model,unit,z0_1,z0_2,zc,v_1,v_2,v_3,v_4,ve_1,ve_2,ve_3,ve_4,eta,t0,se,si,k,wliw,wlib,wffiw
1,79,go,4.35098413939228,73.0604530995685,110.632469276874,0.302219402554974,0.254669857576113,,,0.0796877656977744,0.190363519789037,,,0.0348649103491211,38.3250439851423,0,1,-0.00110054798494786,0,0,0
1,79,stop,7.58958013595595,,31.1037871151153,0.639639701893846,,,,NaN,,,,0.0458572794954981,13.8918529371256,0,1,-0.000167222162827989,0,-0.459229814097153,0
1,352,go,53.9046221468096,,119.585350407437,0.254673691076163,0.368118480304612,0.238529458507895,0.266964602660901,0.142614458861389,0.149952876250727,0.167090887118767,0.209755935253075,0.0355049637451058,24.2420101186725,0,1,-0.000950693733805654,0,0,0
1,352,stop,5.15144259519565,,21.8284881141281,0.43404086671633,,,,NaN,,,,0.0433445303809486,6.97550564171991,0,1,-0.00325138424020984,0,-0.273271310841624,0
1,478,go,14.8584870558469,92.1984976836086,150.216156775013,0.30902861411174,0.381251423990641,0.282069596216482,0.236106426643935,0.0662910804768279,0.153280637056009,0.10577540234127,0.237335956833002,0.061250570078287,64.6829409734139,0,1,-4.49918198365019e-07,0,0,0
1,478,stop,13.2570813683373,,13.3829287473649,0.110428622439408,,,,NaN,,,,0.0633932116976633,9.06390468544712,0,1,-3.19852502046877e-05,0,-0.492003894756336,0
