subject,model,unit,z0_1,z0_2,zc,v_1,v_2,v_3,ve_1,ve_2,ve_3,eta,t0,se,si,k,wliw,wlib,wffiw
1,79,go,23.0393900551777,0.4647580828312,63.0609320711115,0.329993549510446,0.311715134123174,0.291805004419826,0.224935192931037,0.235320357526247,0.25670911350613,0.00242131133927248,25.2282955161205,0,1,-0.0041662138498697,0,0,0
