subject,model,unit,z0_1,z0_2,zc,v_1,v_2,v_3,ve_1,ve_2,ve_3,eta,t0,se,si,k,wliw,wlib,wffiw
1,79,go,25.2980461848547,0.191701601158644,60.5295132354039,0.276239195525185,0.261936268106984,0.313676466879299,0.118767803395237,0.258360974054589,0.28746694628945,0.00176438184650697,21.6844705304005,0,1,-0.00421113183584875,0,0,0
