subject,model,unit,z0_1,z0_2,zc,v_1,v_2,v_3,ve_1,ve_2,ve_3,eta,t0,se,si,k,wliw,wlib,wffiw
1,2,go,26.3839153338124,15.3382251162386,72.9685059549483,0.167797539321278,,,0.0930917310561238,,,0.0365032566132239,25.637078417109,0,1,-3.98949844754208e-05,0,0,0
1,43,go,0.136564061447799,,49.5962862149354,0.158088568563543,0.133382456079231,0.116417028240421,0.0442777539817484,0.0663736187164592,0.079250865957884,0.00133779575687606,46.2479265806923,0,1,-0.000338712829135767,0,0,0
