subject,model,unit,z0_1,z0_2,zc,v_1,v_2,v_3,v_4,v_5,v_6,ve_1,ve_2,ve_3,ve_4,ve_5,ve_6,eta,t0,se,si,k,wliw,wlib,wffiw
1,2,go,33.0986500598591,1.31294199419768,63.7246325854373,0.390912635622285,,,,,,0.222549295918373,,,,,,0.0443722537134688,55.0822372526368,0,1,-0.0041585445698692,-0.0259437072738454,0,0
1,43,go,22.6811076711955,,70.2993915689684,0.227875190280233,0.205716109664509,0.186458408298165,,,,0.10482553077903,0.125713143133576,0.147659141610861,,,,0.0279711485460391,34.3842291423844,0,1,-0.000875440869917514,-0.0004216779090499,0,0
1,79,go,21.9081643154921,10.1651314297583,68.7812258822839,0.227884531024778,0.20547619541228,0.187731051529719,,,,0.103908069197856,0.126724552146961,0.148357944011053,,,,0.0277537393940428,28.3957707850993,0,1,-0.000846147611563217,-0.000542915461107962,0,0
1,352,go,22.5914603460542,,69.2952729284205,0.242003889841538,0.228974123734318,0.221313050613224,0.205154034787609,0.203615051664791,0.183683206738118,0.110726324427861,0.11949817142175,0.118473850661835,0.135882662630314,0.138710907335386,0.16197796641266,0.0302291369238659,37.1493478426005,0,1,-0.00140450342867985,-3.05262968769426e-06,0,0
1,478,go,21.4544246693379,10.4712908657441,68.448361160631,0.232413903149132,0.236047336841961,0.214450479934732,0.212652916416277,0.196085592409504,0.18797330624536,0.115037857949275,0.104629432659363,0.119198279450808,0.132906968025776,0.144458884727649,0.157541951990435,0.0318315035490143,28.8165132651505,0,1,-0.00122016967662107,-0.000185378312753559,0,0
