subject,model,unit,z0_1,z0_2,zc,v_1,v_2,v_3,v_4,ve_1,ve_2,ve_3,ve_4,eta,t0,se,si,k,wliw,wlib,wffiw
1,79,go,12.6843113595481,51.0875083420846,91.6644176796989,0.261790584693019,0.229260219800938,,,0.11223606450496,0.178594310516875,,,0.0112711831941919,64.2632724265273,0,1,-0.000478135714942485,-0.00111808324541474,0,0
1,79,stop,22.5378948005655,,27.4845180656476,0.678914444069021,,,,NaN,,,,0.0508770599564018,33.7161290308137,0,1,-0.000618062358274002,NaN,-0.163446765238035,0
1,352,go,35.1193424659484,,112.739635378413,0.229908242734376,0.383930604073567,0.214337951219732,0.296324882876934,0.0579583338509304,0.0733133818032801,0.153103612947684,0.187736346309318,0.0201780116008488,38.9806464419833,0,1,-8.59032677719314e-05,-0.00848679049791523,0,0
1,352,stop,15.7715727223777,,16.2204736910307,0.129623149154054,,,,NaN,,,,0.0711213548880756,4.61926833696282,0,1,-0.000549149916148846,NaN,-0.189006106825022,0
1,478,go,19.0080812598691,82.3026127686865,138.255646866718,0.311890197534458,0.382484889444638,0.289352317148033,0.262969126316686,0.0874303440622656,0.17821387114055,0.149327010002585,0.252135031648883,0.0464395976322736,51.9985315224781,0,1,-0.000413980442193638,-0.00018663974768135,0,0
1,478,stop,3.00434838585029,,4.76995279104204,0.00680627423167515,,,,NaN,,,,0.045940008095577,25.114179907337,0,1,-0.00112758684331378,NaN,-0.518802796658665,0
