subject,model,unit,z0_1,z0_2,zc,v_1,v_2,v_3,v_4,ve_1,ve_2,ve_3,ve_4,eta,t0,se,si,k,wliw,wlib,wffiw
1,79,go,2.92291792043932,48.4778989991568,73.4244155844412,0.25909527503599,0.249101375844056,,,0.149947551230548,0.213348612477629,,,0.0117710772347708,96.2914240238014,0,1,-0.000373043505425004,0,0,-0.474154800418378
1,79,stop,22.1942711647947,,27.09817685444,0.73590749743001,,,,NaN,,,,0.0526744159687139,28.542309558508,0,1,-0.000289153806558369,0,-0.173253492339908,NaN
1,352,go,25.5806652447384,,99.1441067090965,0.220716915284991,0.327076640840405,0.210689521075387,0.255550604922377,0.137884533015224,0.144697362655932,0.154441464912222,0.205248768375442,0.0344143439036912,20.2285305546733,0,1,-0.000134250447400749,0,0,-0.332149859394891
1,352,stop,24.5791393260197,,44.1461393404337,0.798956747402074,,,,NaN,,,,0.0208521901148004,2.3804780692826,0,1,-0.00144101219201592,0,-0.163870318280608,NaN
1,478,go,8.1630739713404,96.8573966360782,143.730931623688,0.335731606715653,0.406113707691067,0.312727557755197,0.277700200416929,0.117665281387572,0.157585437633076,0.132210210281836,0.276055694812177,0.0632228867220718,85.9235046502633,0,1,-5.56214050510513e-05,0,0,-0.148177221858672
1,478,stop,15.5199009345904,,15.6155837103286,0.114248006847561,,,,NaN,,,,0.0573923688232966,0.880362255874478,0,1,-3.50208762265811e-07,0,-0.416089776291715,NaN
