subject,model,unit,z0_1,z0_2,zc,v_1,v_2,v_3,v_4,ve_1,ve_2,ve_3,ve_4,eta,t0,se,si,k,wliw,wlib,wffiw
1,79,go,2.71878436506132,47.8897244973957,74.0025260019627,0.259294477672187,0.24973198642068,,,0.149083899662957,0.214604790715873,,,0.0137222648193013,94.8757521588559,0,1,-0.000383985920040177,0,0,-0.478619357766598
1,79,stop,21.3742009713065,,30.2430391670324,0.675195064962987,,,,NaN,,,,0.0537403564735052,30.9082723674209,0,1,-0.000271001381510158,0,-0.163643379159657,NaN
1,352,go,26.2014905464517,,100.07781381024,0.220416839744431,0.329960471167348,0.207560409054642,0.256868923006588,0.140150461485783,0.163046750050405,0.161383109676202,0.203767416549187,0.0312268452145672,19.1573557649688,0,1,-0.000123843084240432,0,0,-0.33162487774859
1,352,stop,22.8108574351778,,50.7938780396873,0.783902859559321,,,,NaN,,,,0.0218543791741936,2.42769441655264,0,1,-0.00140004096325146,0,-0.151243888849241,NaN
1,478,go,8.54080310630364,94.2860790540927,144.32990758177,0.33751222868996,0.404488574765107,0.312875460397373,0.276799784818298,0.115949518996911,0.201280527189104,0.136933310276952,0.277257271957251,0.0645384892703524,86.0900029269719,0,1,-6.20059017963073e-05,0,0,-0.150059953465288
1,478,stop,15.1597767910942,,15.8879671742077,0.122049779912187,,,,NaN,,,,0.0549388557618913,0.860990485705236,0,1,-5.39041351841144e-08,0,-0.424509076986349,NaN
