subject,model,unit,z0,zc,v_1,v_2,v_3,v_4,ve_1,ve_2,ve_3,ve_4,eta,t0,se,si,k,wliw,wlib,wffiw
3,352,go,35.9347411666662,77.2090486795897,0.347824642193683,0.231581334702099,0.217859448987468,0.180618025096966,0.160447386449816,0.0262821013662596,0.155691427660849,0.129751351657883,0.0832570877415971,90.7635719025119,0,1,-0.000357777998950247,0,0,0
3,352,stop,0.416882719496852,14.2224761503646,0.148087272633096,,,,NaN,,,,0.0685241880660859,0.0252740340763205,0,1,-0.0015459936836225,NaN,-0.359598032358648,0
