subject,model,unit,z0,zc,v_1,v_2,v_3,v_4,v_5,v_6,ve_1,ve_2,ve_3,ve_4,ve_5,ve_6,eta,t0,se,si,k,wliw,wlib,wffiw
2,352,go,7.83096493117021,87.7401319879391,0.513299322010959,0.561728529638882,0.48339038223225,0.512025765143758,0.446146775279931,0.412233952318773,0.190104579892636,0.292711564884883,0.2551910879281,0.33729125070537,0.328026292421561,0.420944990062568,0.16389772379158,101.358723920947,0,1,-0.00122849384546915,0,0,0
2,352,stop,1.09038554262142,2.57831628356715,0.0414759452892992,,,,,,NaN,,,,,,0.053773744482153,28.9619864202745,0,1,-0.00125690040950694,0,-0.255674869201372,0
