subject,model,unit,z0,zc,v_1,v_2,v_3,ve_1,ve_2,ve_3,eta,t0,se,si,k,wliw,wlib,wffiw
1,43,go,0.136564061447799,49.5962862149354,0.158088568563543,0.133382456079231,0.116417028240421,0.0442777539817484,0.0663736187164592,0.079250865957884,0.00133779575687606,46.2479265806923,0,1,-0.000338712829135767,0,0,0
2,43,go,25.6098411785124,184.435004566226,0.864335968250944,0.817495287532682,0.76596151735332,0.537004040988833,0.654090334513424,0.718344307094253,0.13823575972085,0.976855850776133,0,1,-0.00227792133231229,0,0,0
