subject,model,unit,z0_1,z0_2,zc,v_1,v_2,v_3,v_4,ve_1,ve_2,ve_3,ve_4,eta,t0,se,si,k,wliw,wlib,wffiw
1,352,go,55.8779094044249,,120.945794081894,0.254295886532715,0.362301677143493,0.239451860095254,0.267738509608243,0.139630597730006,0.187545614742381,0.16452919569412,0.211724852792068,0.0310900244745963,19.0685399281193,0,1,-0.000986138965490627,0,0,0
1,352,stop,6.30387819333994,,22.8605489558496,0.465763835761726,,,,NaN,,,,0.0424052800533994,7.26322330221661,0,1,-0.00248848647321688,0,-0.279191622231505,NaN
1,478,go,14.9186052982141,93.3508821398891,150.381975968943,0.31128834506755,0.372335484051572,0.282117556368496,0.237121173743146,0.0689231252999755,0.159228221281374,0.105155893059369,0.236464012840896,0.0625305967500945,65.9849544006657,0,1,-1.3645877299847e-06,0,0,0
1,478,stop,12.9000912064836,,13.650685898567,0.116907778751718,,,,NaN,,,,0.0650823789812096,9.33186151422244,0,1,-1.67424949520283e-05,0,-0.476671672500046,NaN
