model,unit,z0_1,z0_2,zc,v_1,v_2,v_3,v_4,v_5,v_6,ve_1,ve_2,ve_3,ve_4,ve_5,ve_6,eta,t0,se,si,k,wliw,wlib,wffiw
478,go,14.509783859236,0.266828772540908,56.2805683454502,0.165492403742979,0.170293097504645,0.14651702836613,0.146136599238393,0.130688910744798,0.127956516238057,0.0654492983010994,0.0605405107843811,0.0698505223230915,0.0777903375792835,0.0885026333405813,0.0966274488674705,0.0185476538526038,55.0918072543043,0,1,-4.16899131536197e-10,0,0,-0.0921627166710572
478,stop,3.66734158790751,,17.375054249845,0.369490909173445,,,,,,NaN,,,,,,0.0135703650953449,16.6920667855368,0,1,-0.000674885325610206,0,-0.485027559404675,NaN
