subject,model,unit,z0_1,z0_2,zc,v_1,v_2,v_3,v_4,ve_1,ve_2,ve_3,ve_4,eta,t0,se,si,k,wliw,wlib,wffiw
3,79,go,17.8777795173232,1.25251551413002,43.6079115023054,0.198923092427949,0.134476000070789,,,0.015283369091437,0.0775707973777249,,,0.0686911206989705,112.555752282092,0,1,-0.000556302584196389,0,0,0
3,79,stop,6.92609948721946,,9.510396754961,0.117780819023771,,,,NaN,,,,0.0187152179888103,17.9540479606766,0,1,-0.00185674352638346,0,-0.0243353505684359,NaN
3,478,go,8.25117087382105,8.25117087382105,31.4321573512665,0.276815843883675,0.111471949738037,0.149209085923108,0.101079888300317,0.140345298147219,0.0163587922224324,0.105359373594408,0.0652396468340651,0.0533001118297935,137.651529597823,0,1,-2.55310193389997e-05,0,0,-0.605724534015632
3,478,stop,8.87547789399169,,13.2569162061204,0.117809381510425,,,,NaN,,,,0.062590768875824,19.7271759933716,0,1,-2.23094274831234e-05,0,-0.107672305568273,NaN
